{"(360, 20, 10, 360, 'R')": 0.9555461473327689, "(360, 40, 15, 360, 'C')": 0.46747932719314933, "(360, 250, 10, 360, 'C')": 0.4707860364484666, "(360, 30, 5, 360, 'C')": 0.3284280530118376, "(360, 750, 60, 360, 'R')": 0.8386960203217613, "(360, 50, 50, 360, 'R')": 0.9597798475867908, "(360, 100, 80, 360, 'R')": 0.9593564775613886, "(360, 50, 15, 360, 'C')": 0.4942390304741199, "(360, 1000, 70, 360, 'R/C')": 0.17003386960203218, "(360, 100, 70, 360, 'R')": 0.9597798475867908, "(360, 10, 30, 360, 'R/C')": 1.3442409784721017, "(360, 40, 60, 360, 'C')": 0.949242844345137, "(360, 30, 80, 360, 'R')": 0.9597798475867908, "(360, 20, 60, 360, 'R')": 0.9597798475867908, "(360, 750, 10, 360, 'C')": 0.6373754780795967, "(360, 10, 50, 360, 'R')": 0.9597798475867908, "(360, 500, 15, 360, 'R/C')": 1.491613254456332, "(360, 20, 10, 360, 'R/C')": 2.336635805828228, "(360, 30, 20, 360, 'C')": 0.5183335001155372, "(360, 30, 15, 360, 'R')": 0.9597798475867908, "(360, 40, 30, 360, 'C')": 0.7153832476905898, "(360, 750, 5, 360, 'R')": 0.8370025402201524, "(360, 5, 15, 360, 'R')": 0.9597798475867908, "(360, 250, 10, 360, 'R/C')": 2.0396824318351787, "(360, 20, 60, 360, 'R/C')": 0.9727263037670636, "(360, 40, 5, 360, 'C')": 0.33051835210987474, "(360, 750, 15, 360, 'C')": 0.7079901306426267, "(360, 750, 30, 360, 'R/C')": 0.9709826657781147, "(360, 750, 60, 360, 'R/C')": 0.8535301710541904, "(360, 500, 70, 360, 'R/C')": 0.8571065905853748, "(360, 100, 30, 360, 'R/C')": 1.2903883204473034, "(360, 20, 20, 360, 'C')": 0.4926128593734906, "(360, 10, 20, 360, 'C')": 0.4934740835297349, "(360, 50, 10, 360, 'R')": 0.9555461473327689, "(360, 100, 15, 360, 'C')": 0.526249542045909, "(360, 750, 50, 360, 'R')": 0.8264182895850973, "(360, 40, 10, 360, 'C')": 0.42436537544637026, "(360, 30, 50, 360, 'R/C')": 0.9774835089645688, "(360, 5, 70, 360, 'R/C')": 0.9902300075292759, "(360, 500, 5, 360, 'C')": 0.4271969031061313, "(360, 750, 60, 360, 'C')": 0.9942691430629118, "(360, 5, 60, 360, 'C')": 0.9769349819476634, "(360, 750, 5, 360, 'C')": 0.48013795526300174, "(360, 250, 15, 360, 'R/C')": 1.7592826157620678, "(360, 250, 80, 360, 'R')": 0.9585097375105842, "(360, 100, 20, 360, 'R')": 0.9597798475867908, "(360, 5, 10, 360, 'R/C')": 2.292465539419122, "(360, 250, 60, 360, 'R/C')": 0.982278708798726, "(360, 20, 5, 360, 'C')": 0.325637453338745, "(360, 50, 50, 360, 'C')": 0.9490257851101112, "(360, 250, 80, 360, 'R/C')": 0.9711686177760237, "(360, 20, 15, 360, 'R')": 0.9597798475867908, "(360, 40, 80, 360, 'C')": 0.9976300132837426, "(360, 250, 30, 360, 'C')": 0.8228273506818269, "(360, 50, 30, 360, 'C')": 0.7307351669018074, "(360, 30, 30, 360, 'R/C')": 1.3812285989222606, "(360, 20, 70, 360, 'R/C')": 0.9841690867276366, "(360, 500, 50, 360, 'R')": 0.9597798475867908, "(360, 500, 15, 360, 'R')": 0.9597798475867908, "(360, 500, 20, 360, 'C')": 0.7308026290111415, "(360, 500, 30, 360, 'R')": 0.9597798475867908, "(360, 100, 20, 360, 'C')": 0.5197988263948334, "(360, 20, 80, 360, 'C')": 0.998640304291552, "(360, 10, 5, 360, 'C')": 0.32420150594234226, "(360, 1000, 20, 360, 'R/C')": 1.0758814191855373, "(360, 500, 70, 360, 'C')": 0.992070549047006, "(360, 10, 10, 360, 'C')": 0.41076940525831185, "(360, 10, 70, 360, 'R')": 0.9597798475867908, "(360, 750, 70, 360, 'R')": 0.5160880609652837, "(360, 30, 10, 360, 'R')": 0.9555461473327689, "(360, 5, 30, 360, 'R')": 0.9597798475867908, "(360, 250, 10, 360, 'R')": 0.9555461473327689, "(360, 5, 20, 360, 'R/C')": 1.8692150166560741, "(360, 40, 70, 360, 'R')": 0.9597798475867908, "(360, 5, 80, 360, 'R')": 0.9597798475867908, "(360, 1000, 30, 360, 'C')": 0.992302501686453, "(360, 250, 5, 360, 'R')": 0.8370025402201524, "(360, 750, 80, 360, 'C')": 0.995366858805345, "(360, 40, 50, 360, 'R/C')": 1.015694683114021, "(360, 30, 30, 360, 'R')": 0.9597798475867908, "(360, 5, 10, 360, 'R')": 0.9555461473327689, "(360, 30, 80, 360, 'C')": 0.9809511252835429, "(360, 500, 10, 360, 'R/C')": 1.7713165890790077, "(360, 500, 5, 360, 'R')": 0.8370025402201524, "(360, 30, 70, 360, 'C')": 0.9973470400899282, "(360, 1000, 30, 360, 'R')": 0.7256562235393734, "(360, 750, 20, 360, 'R')": 0.9597798475867908, "(360, 50, 60, 360, 'C')": 0.999291696751114, "(360, 30, 15, 360, 'C')": 0.4591049971851277, "(360, 10, 30, 360, 'R')": 0.9597798475867908, "(360, 1000, 80, 360, 'R')": 0, "(360, 5, 5, 360, 'R/C')": 2.601113682298405, "(360, 5, 20, 360, 'R')": 0.9597798475867908, "(360, 40, 70, 360, 'R/C')": 0.9726310954617658, "(360, 10, 80, 360, 'R')": 0.9597798475867908, "(360, 750, 10, 360, 'R')": 0.9555461473327689, "(360, 500, 80, 360, 'R/C')": 0.8159342902318373, "(360, 250, 30, 360, 'R')": 0.9597798475867908, "(360, 750, 10, 360, 'R/C')": 1.5091887516787057, "(360, 500, 15, 360, 'C')": 0.6477937779646656, "(360, 20, 5, 360, 'R/C')": 2.5803509582156656, "(360, 30, 15, 360, 'R/C')": 2.100545416563551, "(360, 1000, 50, 360, 'R/C')": 0.7201166932335131, "(360, 1000, 15, 360, 'R')": 0.9597798475867908, "(360, 50, 70, 360, 'R/C')": 0.9812517993857394, "(360, 250, 15, 360, 'C')": 0.5486705458218177, "(360, 40, 20, 360, 'R')": 0.9597798475867908, "(360, 30, 70, 360, 'R')": 0.9597798475867908, "(360, 5, 50, 360, 'R')": 0.9597798475867908, "(360, 500, 60, 360, 'R')": 0.7582557154953429, "(360, 50, 20, 360, 'R')": 0.9597798475867908, "(360, 100, 80, 360, 'C')": 0.9860411856523151, "(360, 100, 50, 360, 'R/C')": 0.979455905518369, "(360, 100, 5, 360, 'R')": 0.8370025402201524, "(360, 750, 30, 360, 'C')": 0.9987483455902403, "(360, 1000, 30, 360, 'R/C')": 0.7412852908322767, "(360, 50, 60, 360, 'R')": 0.9597798475867908, "(360, 30, 20, 360, 'R/C')": 1.8616647050072097, "(360, 10, 15, 360, 'R')": 0.9597798475867908, "(360, 100, 60, 360, 'R')": 0.9597798475867908, "(360, 1000, 60, 360, 'R/C')": 0.42064813347775354, "(360, 1000, 5, 360, 'R/C')": 1.5791753037529224, "(360, 5, 15, 360, 'C')": 0.5100088285513608, "(360, 5, 10, 360, 'C')": 0.418646472785719, "(360, 30, 30, 360, 'C')": 0.6999415329735286, "(360, 50, 30, 360, 'R')": 0.9597798475867908, "(360, 1000, 80, 360, 'C')": 1.0, "(360, 40, 60, 360, 'R')": 0.9593564775613886, "(360, 10, 60, 360, 'R')": 0.9597798475867908, "(360, 500, 20, 360, 'R')": 0.9597798475867908, "(360, 5, 70, 360, 'C')": 0.9791373863425882, "(360, 30, 50, 360, 'C')": 0.9920374235773561, "(360, 40, 10, 360, 'R/C')": 2.261706200883317, "(360, 10, 60, 360, 'C')": 0.9674413030799941, "(360, 750, 50, 360, 'R/C')": 0.8384654517929417, "(360, 20, 70, 360, 'R')": 0.9597798475867908, "(360, 5, 60, 360, 'R/C')": 0.9924398402371964, "(360, 30, 20, 360, 'R')": 0.9597798475867908, "(360, 500, 60, 360, 'R/C')": 0.7760606588134847, "(360, 1000, 50, 360, 'C')": 0.9920731747079227, "(360, 100, 30, 360, 'C')": 0.7496005955845426, "(360, 40, 5, 360, 'R')": 0.8370025402201524, "(360, 250, 60, 360, 'C')": 0.9871447753624288, "(360, 20, 10, 360, 'C')": 0.4106986340273469, "(360, 30, 80, 360, 'R/C')": 0.9884176019058721, "(360, 1000, 60, 360, 'C')": 0.9887098497738734, "(360, 100, 10, 360, 'R')": 0.9555461473327689, "(360, 20, 30, 360, 'C')": 0.7031181572828015, "(360, 500, 80, 360, 'C')": 0.9996759886077404, "(360, 1000, 20, 360, 'C')": 0.9004564957330611, "(360, 250, 50, 360, 'R/C')": 0.9737156633701174, "(360, 1000, 80, 360, 'R/C')": 0.01, "(360, 750, 70, 360, 'C')": 0.9962873574829472, "(360, 20, 80, 360, 'R/C')": 0.9710866329570692, "(360, 20, 20, 360, 'R/C')": 1.958345093563833, "(360, 50, 10, 360, 'R/C')": 2.2400779055532567, "(360, 1000, 60, 360, 'R')": 0.40601185436071124, "(360, 20, 80, 360, 'R')": 0.9597798475867908, "(360, 30, 5, 360, 'R/C')": 2.558511104774549, "(360, 5, 20, 360, 'C')": 0.5162285367687169, "(360, 10, 80, 360, 'C')": 0.9826289367572787, "(360, 500, 60, 360, 'C')": 0.989811585768899, "(360, 50, 5, 360, 'C')": 0.3322134481843806, "(360, 20, 50, 360, 'R/C')": 0.9698478690718271, "(360, 250, 20, 360, 'R/C')": 1.5008773049011943, "(360, 10, 70, 360, 'R/C')": 0.9764225403770508, "(360, 100, 50, 360, 'R')": 0.9597798475867908, "(360, 750, 20, 360, 'R/C')": 1.176287702739454,