{"(210, 750, 30, 210, 'R')": 0.12489415749364945, "(210, 250, 15, 210, 'R/C')": 1.0230821721202659, "(210, 50, 20, 210, 'R')": 0.9597798475867908, "(210, 750, 30, 210, 'R/C')": 0.1475972082382491, "(210, 40, 5, 210, 'R')": 0.8370025402201524, "(210, 750, 20, 210, 'C')": 0.9788954012288912, "(210, 750, 70, 210, 'R/C')": 0.01, "(210, 5, 15, 210, 'C')": 0.7712108109237247, "(210, 30, 5, 210, 'C')": 0.538303339289043, "(210, 100, 50, 210, 'R/C')": 0.9882935139051771, "(210, 5, 70, 210, 'R')": 0.7620660457239627, "(210, 250, 10, 210, 'R/C')": 1.2119502170919425, "(210, 40, 50, 210, 'R/C')": 0.9803119135628257, "(210, 1000, 80, 210, 'R')": 0, "(210, 30, 10, 210, 'C')": 0.6939108172458053, "(210, 40, 80, 210, 'R')": 0.7637595258255715, "(210, 20, 15, 210, 'C')": 0.8416906074398042, "(210, 5, 20, 210, 'C')": 0.8190013811667768, "(210, 1000, 20, 210, 'R')": 0.26883996613039796, "(210, 50, 70, 210, 'R')": 0.7811176968670618, "(210, 1000, 70, 210, 'R')": 0, "(210, 20, 15, 210, 'R/C')": 1.1503000569368147, "(210, 1000, 5, 210, 'R/C')": 0.9287208310048904, "(210, 5, 30, 210, 'C')": 0.9712210285748474, "(210, 10, 60, 210, 'R')": 0.9585097375105842, "(210, 750, 10, 210, 'R')": 0.6769686706181203, "(210, 100, 10, 210, 'R')": 0.9555461473327689, "(210, 10, 20, 210, 'C')": 0.8883284339588358, "(210, 500, 10, 210, 'C')": 0.9087478442533284, "(210, 20, 20, 210, 'R')": 0.9597798475867908, "(210, 1000, 30, 210, 'C')": 0.8541122674906679, "(210, 100, 50, 210, 'C')": 0.9767479123094616, "(210, 250, 15, 210, 'R')": 0.9597798475867908, "(210, 50, 15, 210, 'R')": 0.9597798475867908, "(210, 250, 20, 210, 'C')": 0.9455235026037836, "(210, 250, 80, 210, 'R')": 0.5156646909398814, "(210, 10, 50, 210, 'C')": 0.9980438743568373, "(210, 10, 80, 210, 'R/C')": 0.980315718206227, "(210, 1000, 10, 210, 'R/C')": 0.676667564475236, "(210, 10, 70, 210, 'R')": 0.9593564775613886, "(210, 500, 50, 210, 'R')": 0.40643522438611346, "(210, 50, 60, 210, 'C')": 0.9675655126541787, "(210, 100, 60, 210, 'C')": 0.9704784333505885, "(210, 10, 60, 210, 'R/C')": 0.9774061026345884, "(210, 500, 70, 210, 'C')": 0.9942653355351417, "(210, 20, 10, 210, 'C')": 0.6805304022656727, "(210, 40, 15, 210, 'C')": 0.8297993224590858, "(210, 5, 80, 210, 'R/C')": 0.9274428450465707, "(210, 10, 60, 210, 'C')": 0.9908038980736464, "(210, 5, 30, 210, 'R')": 0.955969517358171, "(210, 20, 5, 210, 'C')": 0.5332406317923829, "(210, 500, 80, 210, 'R')": 0.04911092294665537, "(210, 40, 70, 210, 'R/C')": 0.9671068381308783, "(210, 1000, 15, 210, 'C')": 0.9898254551464243, "(210, 5, 50, 210, 'R/C')": 0.9814816554860282, "(210, 5, 60, 210, 'R/C')": 0.8272347206520796, "(210, 5, 5, 210, 'R/C')": 1.596596600006421, "(210, 100, 15, 210, 'C')": 0.8349395865017024, "(210, 500, 80, 210, 'R/C')": 0.0592242859070265, "(210, 750, 10, 210, 'C')": 0.9761499041815949, "(210, 10, 15, 210, 'C')": 0.7999558996019013, "(210, 750, 50, 210, 'R/C')": 0.02561874783426349, "(210, 250, 30, 210, 'R/C')": 0.7813755103235598, "(210, 500, 60, 210, 'R/C')": 0.3456183950220728, "(210, 5, 50, 210, 'C')": 0.9879546795009907, "(210, 10, 70, 210, 'C')": 0.9786834829179918, "(210, 40, 80, 210, 'R/C')": 0.7818398906967309, "(210, 500, 70, 210, 'R')": 0.12870448772226925, "(210, 500, 30, 210, 'R')": 0.5300592718035563, "(210, 500, 20, 210, 'R/C')": 0.7976938622443065, "(210, 250, 60, 210, 'R')": 0.722692633361558, "(210, 50, 60, 210, 'R')": 0.722692633361558, "(210, 10, 10, 210, 'C')": 0.6640275066048835, "(210, 10, 30, 210, 'R/C')": 0.9849118995381302, "(210, 10, 30, 210, 'C')": 0.9840442792993798, "(210, 20, 70, 210, 'R/C')": 0.7939255213057781, "(210, 5, 70, 210, 'R/C')": 0.777154992014219, "(210, 1000, 70, 210, 'R/C')": 0.01, "(210, 500, 10, 210, 'R/C')": 1.061497567092324, "(210, 10, 50, 210, 'R/C')": 0.971660977284486, "(210, 750, 50, 210, 'C')": 0.9758350077874837, "(210, 1000, 20, 210, 'C')": 0.9639836508660975, "(210, 100, 70, 210, 'R/C')": 0.7381305001831076, "(210, 30, 50, 210, 'C')": 0.9590441967020491, "(210, 40, 50, 210, 'R')": 0.9597798475867908, "(210, 250, 80, 210, 'R/C')": 0.5349420665843094, "(210, 750, 5, 210, 'R')": 0.8370025402201524, "(210, 1000, 20, 210, 'R/C')": 0.2888843627055883, "(210, 10, 20, 210, 'R')": 0.9597798475867908, "(210, 20, 20, 210, 'C')": 0.9052042079340952, "(210, 30, 30, 210, 'C')": 0.9744570670005874, "(210, 40, 60, 210, 'C')": 0.9938624742018767, "(210, 100, 80, 210, 'R')": 0.6041490262489416, "(210, 250, 15, 210, 'C')": 0.9473859811174848, "(210, 500, 50, 210, 'C')": 0.9852933007057251, "(210, 30, 80, 210, 'R/C')": 0.7805332469730045, "(210, 750, 60, 210, 'C')": 0.9608532642668818, "(210, 500, 50, 210, 'R/C')": 0.42250176378444937, "(210, 5, 10, 210, 'C')": 0.7147448129490518, "(210, 500, 60, 210, 'C')": 0.992771001034134, "(210, 40, 30, 210, 'R/C')": 0.7705427741854712, "(210, 5, 80, 210, 'C')": 1.0, "(210, 10, 70, 210, 'R/C')": 0.9902520368495658, "(210, 30, 70, 210, 'R/C')": 0.7824350693539367, "(210, 100, 70, 210, 'R')": 0.7256562235393734, "(210, 100, 50, 210, 'R')": 0.9555461473327689, "(210, 40, 70, 210, 'C')": 0.998369366160671, "(210, 100, 20, 210, 'C')": 0.961432871536097, "(210, 750, 70, 210, 'C')": 0.9608532642668818, "(210, 750, 15, 210, 'R')": 0.5495342929720576, "(210, 750, 60, 210, 'R/C')": 0.052740024924978576, "(210, 100, 20, 210, 'R')": 0.9597798475867908, "(210, 1000, 60, 210, 'R/C')": 0.01, "(210, 100, 10, 210, 'R/C')": 1.301817259174048, "(210, 750, 80, 210, 'C')": 0.9608532642668818, "(210, 1000, 10, 210, 'R')": 0.6515664690939882, "(210, 750, 80, 210, 'R/C')": 0.01, "(210, 10, 5, 210, 'C')": 0.530877822982232, "(210, 50, 30, 210, 'C')": 0.9382435284187618, "(210, 750, 10, 210, 'R/C')": 0.7035089249285862, "(210, 30, 60, 210, 'R/C')": 0.8134554893093658, "(210, 20, 70, 210, 'C')": 0.9964182510169597, "(210, 50, 10, 210, 'R')": 0.9555461473327689, "(210, 30, 15, 210, 'R')": 0.9597798475867908, "(210, 50, 15, 210, 'R/C')": 1.1532174796649322, "(210, 20, 15, 210, 'R')": 0.9597798475867908, "(210, 250, 60, 210, 'C')": 0.9744153098762782, "(210, 5, 70, 210, 'C')": 0.9933664691708584, "(210, 500, 70, 210, 'R/C')": 0.13944682181139995, "(210, 500, 30, 210, 'C')": 0.9954461578819597, "(210, 30, 10, 210, 'R')": 0.9555461473327689, "(210, 10, 10, 210, 'R/C')": 1.4490159109799465, "(210, 20, 50, 210, 'R/C')": 0.8623157026626183, "(210, 750, 15, 210, 'R/C')": 0.5749515951681996, "(210, 50, 20, 210, 'R/C')": 1.006820852727851, "(210, 30, 5, 210, 'R')": 0.8370025402201524, "(210, 50, 80, 210, 'C')": 0.991217641045453, "(210, 20, 70, 210, 'R')": 0.7811176968670618, "(210, 20, 50, 210, 'C')": 0.9999157101907636, "(210, 50, 5, 210, 'R/C')": 1.5440503100595095, "(210, 10, 20, 210, 'R/C')": 1.0904335546364667, "(210, 30, 60, 210, 'C')": 0.9779941485270356, "(210, 40, 10, 210, 'R/C')": 1.398133523620728, "(210, 500, 15, 210, 'R')": 0.9466553767993227, "(210, 30, 5, 210, 'R/C')": 1.5648901133060265, "(210, 30, 30, 210, 'R')": 0.9563928873835732, "(210, 50, 50, 210, 'R/C')": 0.9739494476743965, "(210, 250, 50, 210, 'R')": 0.7256562235393734, "(210, 500, 5, 210, 'R')": 0.8370025402201524, "(210, 100, 60, 210, 'R/C')": 0.7834690738531167, "(210, 250, 70, 210, 'R')": 0.6392887383573242, "(210, 5, 30, 210, 'R/C')": 0.9942965599302807, "(210, 1000, 30, 210, 'R/C')": 0.03379284549911667, "(210, 500, 20, 210, 'C')": 0.9626274265168347, "(210, 30, 50, 210, 'R/C')": 0.7944565847192563, "(210, 40, 20, 210, 'C')": 0.8990649904023589, "(210, 30, 70, 210, 'C')": 0.9827395022096281, "(210, 50, 5, 210, 'C')": 0.5456160953337202, "(210, 750, 80, 210, 'R')": 0, "(210, 750, 5, 210, 'C')": 0.7984366152453911, "(210, 250, 30, 210, 'R')": 0.7591024555461473, "(210, 50, 10, 210, 'C')": 0.6688701564396141, "(210, 100, 20, 210, 'R/C')": 1.0082806662864925, "(210, 20, 5, 210, 'R/C')": 1.5796525926892218, "(210, 750, 20, 210, 'R/C')": 0.5168873233529045, "(210, 5, 10, 210, 'R')": 0.9555461473327689, "(210, 250, 5, 210, 'R/C')": 1.2765710212065764, "(210, 40, 15, 210, 'R')": 0.9597798475867908, "(210, 1000, 50, 210, 'R')": 0,