{"(210, 750, 30, 210, 'R')": 0.06301994301994301, "(210, 250, 15, 210, 'R/C')": 0.36097345741390974, "(210, 50, 20, 210, 'R')": 0.2867236467236467, "(210, 750, 30, 210, 'R/C')": 0.07843330890374955, "(210, 40, 5, 210, 'R')": 0.21515669515669517, "(210, 750, 20, 210, 'C')": 0.9489192360441222, "(210, 750, 70, 210, 'R/C')": 0.059199821051617536, "(210, 5, 15, 210, 'C')": 0.9733924762690053, "(210, 30, 5, 210, 'C')": 0.6994967706563279, "(210, 100, 50, 210, 'R/C')": 0.31018127461931594, "(210, 5, 70, 210, 'R')": 0.2896866096866097, "(210, 250, 10, 210, 'R/C')": 0.30759106642286854, "(210, 40, 50, 210, 'R/C')": 0.41624955362013816, "(210, 1000, 80, 210, 'R')": 0, "(210, 30, 10, 210, 'C')": 0.919662209831354, "(210, 40, 80, 210, 'R')": 0.28957264957264955, "(210, 20, 15, 210, 'C')": 0.9726945905107444, "(210, 5, 20, 210, 'C')": 0.9703491777863446, "(210, 1000, 20, 210, 'R')": 0.08034188034188035, "(210, 50, 70, 210, 'R')": 0.3386894586894587, "(210, 1000, 70, 210, 'R')": 0, "(210, 20, 15, 210, 'R/C')": 0.35468234792445047, "(210, 1000, 5, 210, 'R/C')": 0.07517883825494275, "(210, 5, 30, 210, 'C')": 0.7853860394630148, "(210, 10, 60, 210, 'R')": 0.2896866096866097, "(210, 750, 10, 210, 'R')": 0.24022792022792022, "(210, 100, 10, 210, 'R')": 0.23282051282051283, "(210, 10, 20, 210, 'C')": 0.9737061805161675, "(210, 500, 10, 210, 'C')": 0.9148298636186694, "(210, 20, 20, 210, 'R')": 0.2867236467236467, "(210, 1000, 30, 210, 'C')": 0.9542668192954283, "(210, 100, 50, 210, 'C')": 0.8762036984268916, "(210, 250, 15, 210, 'R')": 0.24022792022792022, "(210, 50, 15, 210, 'R')": 0.33527065527065525, "(210, 250, 20, 210, 'C')": 0.7852318023288893, "(210, 250, 80, 210, 'R')": 0.214017094017094, "(210, 10, 50, 210, 'C')": 0.8341590015880413, "(210, 10, 80, 210, 'R/C')": 0.30480125863527824, "(210, 1000, 10, 210, 'R/C')": 0.09080824016609922, "(210, 10, 70, 210, 'R')": 0.3112250712250712, "(210, 500, 50, 210, 'R')": 0.11054131054131054, "(210, 50, 60, 210, 'C')": 0.8618295354933547, "(210, 100, 60, 210, 'C')": 0.9066224592565648, "(210, 10, 60, 210, 'R/C')": 0.30552148932779843, "(210, 500, 70, 210, 'C')": 0.9810196738920206, "(210, 20, 10, 210, 'C')": 0.6676963039081788, "(210, 40, 15, 210, 'C')": 0.9922192207251893, "(210, 5, 80, 210, 'R/C')": 0.30262108175071306, "(210, 10, 60, 210, 'C')": 0.9802556502592725, "(210, 5, 30, 210, 'R')": 0.29971509971509974, "(210, 20, 5, 210, 'C')": 0.8364452422889168, "(210, 500, 80, 210, 'R')": 0.0, "(210, 40, 70, 210, 'R/C')": 0.4076876827731426, "(210, 1000, 15, 210, 'C')": 0.9678087666663296, "(210, 5, 50, 210, 'R/C')": 0.30033389474791355, "(210, 5, 60, 210, 'R/C')": 0.23547628630097495, "(210, 5, 5, 210, 'R/C')": 0.3234128706707079, "(210, 100, 15, 210, 'C')": 0.9145704758562627, "(210, 500, 80, 210, 'R/C')": 0.01, "(210, 750, 10, 210, 'C')": 0.9295874165959174, "(210, 10, 15, 210, 'C')": 0.9748133168950082, "(210, 750, 50, 210, 'R/C')": 0.0714681465819297, "(210, 250, 30, 210, 'R/C')": 0.2732964849321278, "(210, 500, 60, 210, 'R/C')": 0.13350778134595742, "(210, 5, 50, 210, 'C')": 0.7807103158364377, "(210, 10, 70, 210, 'C')": 0.8495981117687227, "(210, 40, 80, 210, 'R/C')": 0.30938461171392395, "(210, 500, 70, 210, 'R')": 0.07908831908831909, "(210, 500, 30, 210, 'R')": 0.16843304843304843, "(210, 500, 20, 210, 'R/C')": 0.27418481201439443, "(210, 250, 60, 210, 'R')": 0.19008547008547008, "(210, 50, 60, 210, 'R')": 0.3386894586894587, "(210, 10, 10, 210, 'C')": 0.9090820224505884, "(210, 10, 30, 210, 'R/C')": 0.39328177065427383, "(210, 10, 30, 210, 'C')": 0.9939649890427495, "(210, 20, 70, 210, 'R/C')": 0.4225178799399874, "(210, 5, 70, 210, 'R/C')": 0.3110886297434958, "(210, 1000, 70, 210, 'R/C')": 0.01, "(210, 500, 10, 210, 'R/C')": 0.2644959692281755, "(210, 10, 50, 210, 'R/C')": 0.41520535936459974, "(210, 750, 50, 210, 'C')": 0.9158612944553333, "(210, 1000, 20, 210, 'C')": 0.9641809326858669, "(210, 100, 70, 210, 'R/C')": 0.33699817512464053, "(210, 30, 50, 210, 'C')": 0.8306813174587241, "(210, 40, 50, 210, 'R')": 0.338005698005698, "(210, 250, 80, 210, 'R/C')": 0.2296920270785578, "(210, 750, 5, 210, 'R')": 0.07293447293447293, "(210, 1000, 20, 210, 'R/C')": 0.09332656000370833, "(210, 10, 20, 210, 'R')": 0.25207977207977206, "(210, 20, 20, 210, 'C')": 0.9442698652518612, "(210, 30, 30, 210, 'C')": 0.8068936079358848, "(210, 40, 60, 210, 'C')": 0.8497005088893715, "(210, 100, 80, 210, 'R')": 0.28239316239316237, "(210, 250, 15, 210, 'C')": 0.6844617880736629, "(210, 500, 50, 210, 'C')": 0.9573579118695015, "(210, 30, 80, 210, 'R/C')": 0.263850507200091, "(210, 750, 60, 210, 'C')": 0.935168994067404, "(210, 500, 50, 210, 'R/C')": 0.1254649783229436, "(210, 5, 10, 210, 'C')": 0.9080839099805936, "(210, 500, 60, 210, 'C')": 0.9909753139385373, "(210, 40, 30, 210, 'R/C')": 0.37678244476947276, "(210, 5, 80, 210, 'C')": 0.9891928760802079, "(210, 10, 70, 210, 'R/C')": 0.37632034242302176, "(210, 30, 70, 210, 'R/C')": 0.4089965587780272, "(210, 100, 70, 210, 'R')": 0.3112250712250712, "(210, 100, 50, 210, 'R')": 0.263019943019943, "(210, 40, 70, 210, 'C')": 0.8622494428664278, "(210, 100, 20, 210, 'C')": 1.0, "(210, 750, 70, 210, 'C')": 0.9959964885123894, "(210, 750, 15, 210, 'R')": 0.23054131054131055, "(210, 750, 60, 210, 'R/C')": 0.07738882856439179, "(210, 100, 20, 210, 'R')": 0.2867236467236467, "(210, 1000, 60, 210, 'R/C')": 0.01, "(210, 100, 10, 210, 'R/C')": 0.34168022322097746, "(210, 750, 80, 210, 'C')": 0.9959964885123894, "(210, 1000, 10, 210, 'R')": 0.07293447293447293, "(210, 750, 80, 210, 'R/C')": 0.01, "(210, 10, 5, 210, 'C')": 0.6888066572528891, "(210, 50, 30, 210, 'C')": 0.9733718901394268, "(210, 750, 10, 210, 'R/C')": 0.2684242384730397, "(210, 30, 60, 210, 'R/C')": 0.4107125783223745, "(210, 20, 70, 210, 'C')": 0.8312512004470411, "(210, 50, 10, 210, 'R')": 0.3021082621082621, "(210, 30, 15, 210, 'R')": 0.33527065527065525, "(210, 50, 15, 210, 'R/C')": 0.3460447608468846, "(210, 20, 15, 210, 'R')": 0.33527065527065525, "(210, 250, 60, 210, 'C')": 0.9824476228092535, "(210, 5, 70, 210, 'C')": 0.9621306853513539, "(210, 500, 70, 210, 'R/C')": 0.09061848420893567, "(210, 500, 30, 210, 'C')": 0.9179806861779497, "(210, 30, 10, 210, 'R')": 0.3021082621082621, "(210, 10, 10, 210, 'R/C')": 0.34232233687107444, "(210, 20, 50, 210, 'R/C')": 0.42700784836764144, "(210, 750, 15, 210, 'R/C')": 0.24938693217627014, "(210, 50, 20, 210, 'R/C')": 0.3070242187118724, "(210, 30, 5, 210, 'R')": 0.21515669515669517, "(210, 50, 80, 210, 'C')": 0.9832867004931809, "(210, 20, 70, 210, 'R')": 0.3429059829059829, "(210, 20, 50, 210, 'C')": 0.8105499676536214, "(210, 50, 5, 210, 'R/C')": 0.3135129839970957, "(210, 10, 20, 210, 'R/C')": 0.26888689742745914, "(210, 30, 60, 210, 'C')": 0.8452179367750767, "(210, 40, 10, 210, 'R/C')": 0.3278264541587411, "(210, 500, 15, 210, 'R')": 0.24022792022792022, "(210, 30, 5, 210, 'R/C')": 0.31758783197071333, "(210, 30, 30, 210, 'R')": 0.29971509971509974, "(210, 50, 50, 210, 'R/C')": 0.3594545786633522, "(210, 250, 50, 210, 'R')": 0.21321937321937323, "(210, 500, 5, 210, 'R')": 0.21515669515669517, "(210, 100, 60, 210, 'R/C')": 0.38357276475059515, "(210, 250, 70, 210, 'R')": 0.16376068376068376, "(210, 5, 30, 210, 'R/C')": 0.39161500797750537, "(210, 1000, 30, 210, 'R/C')": 0.09419226019112749, "(210, 500, 20, 210, 'C')": 0.9597873989343414, "(210, 30, 50, 210, 'R/C')": 0.34089921380765015, "(210, 40, 20, 210, 'C')": 0.9944804479202186, "(210, 30, 70, 210, 'C')": 0.8488530821587387, "(210, 50, 5, 210, 'C')": 0.708887943847417, "(210, 750, 80, 210, 'R')": 0, "(210, 750, 5, 210, 'C')": 0.8157344108267155, "(210, 250, 30, 210, 'R')": 0.21014245014245014, "(210, 50, 10, 210, 'C')": 0.9307515627690401, "(210, 100, 20, 210, 'R/C')": 0.2967236467236467, "(210, 20, 5, 210, 'R/C')": 0.24624599389924223, "(210, 750, 20, 210, 'R/C')": 0.16480199084904704, "(210, 5, 10, 210, 'R')": 0.3021082621082621, "(210, 250, 5, 210, 'R/C')": 0.2764891775938659,